customer_id,first_name,last_name,email,phone,country,age,signup_date,is_active
1,Priya,Brown,priya.brown4@proton.me,+1-481-450-4657,UK,65,2022-07-29,true
2,Chen,Wilson,chen.wilson5@gmail.com,+1-295-423-4811,France,56,2022-02-24,true
3,Mateo,Patel,mateo.patel90@icloud.com,+1-629-425-8359,France,35,2022-01-14,true
4,Mateo,Wilson,mateo.wilson44@outlook.com,+1-359-420-6514,US,23,2024-02-18,true
5,Barbara,Lopez,barbara.lopez78@outlook.com,+1-244-947-8527,France,25,2024-02-15,true
6,Sarah,Martinez,sarah.martinez81@icloud.com,+1-570-791-4150,Australia,22,2022-04-04,true
7,Liam,Martinez,liam.martinez11@yahoo.com,+1-303-589-5554,Germany,58,2024-01-18,true
8,Barbara,Lopez,barbara.lopez27@proton.me,+1-473-918-2169,France,58,2022-12-17,true
9,Jennifer,Anderson,jennifer.anderson49@outlook.com,+1-855-904-4598,Australia,38,2022-04-25,true
10,Noah,Johnson,noah.johnson41@hotmail.com,+1-474-267-4456,France,74,2023-10-07,true
11,Priya,Thomas,priya.thomas51@proton.me,+1-669-346-5339,UK,33,2025-02-23,false
12,Sofia,Jackson,sofia.jackson55@icloud.com,+1-608-570-4593,UK,50,2024-10-07,true
13,Liam,Johnson,liam.johnson15@yahoo.com,+1-842-363-7916,France,22,2024-02-28,false
14,Wei,Anderson,wei.anderson68@outlook.com,+1-766-211-2876,Australia,74,2025-01-04,false
15,Liam,Patel,liam.patel44@gmail.com,+1-500-645-3591,Germany,18,2023-06-24,true
16,Thomas,Brown,thomas.brown81@outlook.com,+1-854-719-4258,UK,41,2022-11-27,true
17,Wei,Hernandez,wei.hernandez63@gmail.com,+1-314-571-6038,UK,21,2023-05-09,true
18,John,Singh,john.singh63@gmail.com,+1-978-745-3060,UK,60,2024-08-31,true
19,William,Taylor,william.taylor78@hotmail.com,+1-416-752-4295,Australia,37,2024-03-28,false
20,Joseph,Taylor,joseph.taylor58@gmail.com,+1-453-430-2049,Canada,19,2025-04-19,true
21,Chen,Davis,chen.davis1@gmail.com,+1-924-846-1964,UK,22,2022-03-06,false
22,John,Taylor,john.taylor31@outlook.com,+1-885-697-4510,France,26,2025-03-15,false
23,Linda,Thomas,linda.thomas53@yahoo.com,+1-296-299-8062,Canada,45,2024-04-21,false
24,Emma,Singh,emma.singh7@proton.me,+1-869-861-2612,US,43,2023-11-26,true
25,Linda,Miller,linda.miller25@icloud.com,+1-659-343-7912,UK,35,2024-08-05,true
26,Emma,Williams,emma.williams57@icloud.com,+1-300-251-9856,US,23,2023-04-30,true
27,Susan,Thomas,susan.thomas62@yahoo.com,+1-610-260-3697,Germany,18,2024-03-10,false
28,Mia,Anderson,mia.anderson37@hotmail.com,+1-913-948-8973,UK,30,2023-08-31,true
29,Mary,Jackson,mary.jackson95@icloud.com,+1-262-965-6138,US,21,2025-04-11,false
30,Thomas,Taylor,thomas.taylor21@gmail.com,+1-720-282-4044,US,56,2022-05-20,true
31,Richard,Brown,richard.brown73@yahoo.com,+1-792-808-1651,France,23,2024-05-08,false
32,Mia,Rodriguez,mia.rodriguez27@proton.me,+1-933-521-4910,Canada,43,2022-09-26,false
33,Joseph,Hernandez,joseph.hernandez97@gmail.com,+1-209-669-2638,US,52,2023-03-13,false
34,Robert,Lopez,robert.lopez9@yahoo.com,+1-578-491-3584,Germany,71,2025-01-17,false
35,Wei,Patel,wei.patel68@gmail.com,+1-883-767-5905,Australia,24,2022-10-03,false
36,Patricia,Brown,patricia.brown96@icloud.com,+1-359-478-5616,France,31,2023-12-04,true
37,Aisha,Patel,aisha.patel34@icloud.com,+1-700-457-1832,US,58,2024-05-17,false
38,Mary,Smith,mary.smith43@yahoo.com,+1-852-468-3647,Australia,46,2025-02-03,false
39,Sarah,Smith,sarah.smith15@gmail.com,+1-907-352-9938,US,71,2024-01-27,true
40,Susan,Jones,susan.jones6@outlook.com,+1-573-240-6862,UK,61,2023-05-27,true
41,Barbara,Moore,barbara.moore53@icloud.com,+1-967-358-4878,UK,69,2022-12-29,false
42,James,Garcia,james.garcia95@outlook.com,+1-621-885-5065,Canada,28,2025-12-07,true
43,Richard,Johnson,richard.johnson61@yahoo.com,+1-404-671-6728,Canada,70,2023-04-12,true
44,James,Nguyen,james.nguyen25@hotmail.com,+1-536-485-2137,Canada,40,2025-08-06,false
45,Aisha,Moore,aisha.moore43@gmail.com,+1-318-467-3925,France,34,2022-03-20,true
46,Wei,Wilson,wei.wilson45@proton.me,+1-521-646-9379,US,42,2025-03-26,true
47,William,Johnson,william.johnson91@hotmail.com,+1-201-732-9821,Australia,64,2025-10-05,true
48,Barbara,Wilson,barbara.wilson9@proton.me,+1-538-838-6143,Australia,72,2022-09-13,false
49,Thomas,Martinez,thomas.martinez86@hotmail.com,+1-534-612-5844,France,26,2023-01-28,false
50,Aisha,Gonzalez,aisha.gonzalez87@proton.me,+1-378-830-5930,Germany,53,2022-01-01,false
51,Elizabeth,Miller,elizabeth.miller56@icloud.com,+1-821-870-6279,Germany,46,2024-06-24,true
52,Thomas,Thomas,thomas.thomas95@yahoo.com,+1-874-286-5649,France,60,2025-07-20,false
53,John,Davis,john.davis87@outlook.com,+1-430-403-3414,US,20,2023-05-17,false
54,Wei,Williams,wei.williams59@hotmail.com,+1-844-789-4185,Australia,62,2024-02-26,false
55,Richard,Davis,richard.davis19@proton.me,+1-904-205-2746,Germany,32,2022-12-27,false
56,Mary,Moore,mary.moore32@gmail.com,+1-667-336-8612,Australia,51,2025-02-18,false
57,Liam,Anderson,liam.anderson79@proton.me,+1-716-636-9976,Germany,75,2022-11-22,false
58,Joseph,Rodriguez,joseph.rodriguez97@yahoo.com,+1-852-483-9540,Germany,58,2023-05-05,false
59,Joseph,Williams,joseph.williams92@outlook.com,+1-440-478-6502,Canada,75,2025-01-11,true
60,Robert,Jones,robert.jones30@hotmail.com,+1-910-356-4505,US,44,2024-04-14,false
61,Sarah,Anderson,sarah.anderson54@gmail.com,+1-411-630-7381,France,78,2025-11-25,true
62,Emma,Jackson,emma.jackson49@hotmail.com,+1-206-560-5892,Germany,72,2024-05-08,true
63,Jessica,Davis,jessica.davis35@hotmail.com,+1-697-229-7371,Canada,60,2025-10-22,false
64,Sofia,Garcia,sofia.garcia60@yahoo.com,+1-837-746-1441,Germany,55,2025-03-01,true
65,John,Patel,john.patel55@yahoo.com,+1-672-386-1823,Canada,42,2023-11-02,true
66,Joseph,Hernandez,joseph.hernandez44@hotmail.com,+1-484-970-7906,Canada,71,2022-06-17,false
67,James,Singh,james.singh70@gmail.com,+1-558-429-2124,Australia,20,2022-03-05,true
68,Michael,Smith,michael.smith80@yahoo.com,+1-444-329-8758,Australia,25,2025-03-01,true
69,Joseph,Kim,joseph.kim33@outlook.com,+1-371-820-2876,UK,37,2022-08-10,true
70,Mia,Martinez,mia.martinez74@proton.me,+1-584-606-4249,US,55,2025-11-15,true
71,Patricia,Kim,patricia.kim99@outlook.com,+1-900-814-2983,France,68,2022-03-26,false
72,Sarah,Wilson,sarah.wilson85@outlook.com,+1-270-718-6590,US,72,2024-05-10,false
73,Patricia,Wilson,patricia.wilson47@proton.me,+1-670-924-3506,Germany,29,2024-12-04,false
74,Wei,Moore,wei.moore62@hotmail.com,+1-646-948-5397,Canada,72,2023-05-18,true
75,William,Anderson,william.anderson32@hotmail.com,+1-783-824-7209,Canada,19,2024-10-09,false
76,Jennifer,Thomas,jennifer.thomas28@outlook.com,+1-464-548-5581,France,62,2023-07-20,true
77,Thomas,Miller,thomas.miller11@yahoo.com,+1-937-616-9004,France,66,2023-05-08,false
78,Priya,Kim,priya.kim63@hotmail.com,+1-217-295-5820,UK,43,2025-11-17,true
79,Elizabeth,Nguyen,elizabeth.nguyen75@outlook.com,+1-684-766-9698,Canada,45,2025-02-01,false
80,Barbara,Kim,barbara.kim59@outlook.com,+1-513-457-4777,US,64,2023-01-30,false
81,Patricia,Singh,patricia.singh69@proton.me,+1-389-396-4545,Australia,48,2023-07-21,false
82,Patricia,Miller,patricia.miller38@yahoo.com,+1-569-383-5952,US,63,2024-12-29,true
83,William,Johnson,william.johnson7@icloud.com,+1-499-914-3068,Australia,73,2024-10-02,true
84,Emma,Smith,emma.smith74@outlook.com,+1-680-690-8216,Canada,29,2022-04-16,false
85,Emma,Thomas,emma.thomas15@gmail.com,+1-610-703-2213,France,58,2025-11-06,true
86,Robert,Jones,robert.jones73@outlook.com,+1-287-454-2940,France,66,2024-05-02,true
87,Liam,Taylor,liam.taylor49@hotmail.com,+1-653-504-8025,Canada,54,2025-06-25,true
88,Wei,Singh,wei.singh13@yahoo.com,+1-840-416-5335,Australia,23,2022-11-18,true
89,Jennifer,Moore,jennifer.moore10@yahoo.com,+1-202-618-8381,Australia,56,2024-08-20,false
90,Mary,Davis,mary.davis37@proton.me,+1-489-919-8438,US,61,2023-04-24,false
91,Olivia,Patel,olivia.patel76@proton.me,+1-402-635-2880,France,32,2025-08-19,true
92,Mia,Rodriguez,mia.rodriguez19@gmail.com,+1-261-369-6039,France,65,2025-03-11,false
93,Joseph,Brown,joseph.brown60@proton.me,+1-511-916-7594,Canada,50,2025-01-10,false
94,Joseph,Williams,joseph.williams77@gmail.com,+1-642-952-6280,France,34,2022-02-22,true
95,Linda,Nguyen,linda.nguyen74@icloud.com,+1-221-983-5415,France,20,2022-12-25,false
96,Thomas,Patel,thomas.patel57@outlook.com,+1-385-799-8141,Australia,70,2024-10-04,true
97,Jessica,Lopez,jessica.lopez53@outlook.com,+1-528-886-2713,UK,39,2024-04-23,false
98,Elizabeth,Nguyen,elizabeth.nguyen52@icloud.com,+1-237-665-2442,Canada,34,2023-10-25,true
99,Liam,Gonzalez,liam.gonzalez66@gmail.com,+1-873-755-8569,Germany,21,2023-01-20,false
100,Wei,Thomas,wei.thomas81@hotmail.com,+1-978-252-4335,Canada,53,2022-09-26,false
101,Joseph,Kim,joseph.kim63@gmail.com,+1-229-845-4920,Australia,28,2023-09-29,true
102,Sarah,Wilson,sarah.wilson12@yahoo.com,+1-316-672-2924,Australia,71,2022-11-12,false
103,Mia,Kim,mia.kim38@icloud.com,+1-922-479-7807,Germany,48,2023-05-15,false
104,Sarah,Jones,sarah.jones50@yahoo.com,+1-813-720-3236,US,35,2024-04-29,false
105,Mia,Taylor,mia.taylor35@gmail.com,+1-489-943-5891,France,55,2025-09-13,false
106,Emma,Jones,emma.jones58@icloud.com,+1-695-553-6446,France,66,2025-01-17,false
107,Joseph,Hernandez,joseph.hernandez25@proton.me,+1-444-785-7274,UK,72,2024-04-21,true
108,David,Singh,david.singh61@proton.me,+1-590-595-3492,Germany,20,2022-09-16,false
109,Emma,Brown,emma.brown57@gmail.com,+1-738-667-1251,Australia,27,2024-04-19,true
110,John,Thomas,john.thomas34@outlook.com,+1-838-909-7512,Australia,23,2023-11-04,false
111,David,Patel,david.patel92@hotmail.com,+1-754-236-2121,UK,58,2025-11-02,false
112,Linda,Singh,linda.singh12@hotmail.com,+1-300-978-2646,Germany,28,2025-11-22,false
113,Lucas,Smith,lucas.smith6@outlook.com,+1-257-500-6873,Canada,45,2022-10-26,true
114,Thomas,Wilson,thomas.wilson73@proton.me,+1-384-374-3868,US,57,2024-02-23,true
115,Jessica,Jackson,jessica.jackson19@yahoo.com,+1-672-853-5161,Germany,34,2025-09-27,true
116,Lucas,Anderson,lucas.anderson37@proton.me,+1-759-361-2210,Germany,78,2023-12-09,false
117,Priya,Wilson,priya.wilson89@outlook.com,+1-667-509-4263,Germany,72,2024-09-16,true
118,Linda,Gonzalez,linda.gonzalez74@outlook.com,+1-788-502-5837,US,71,2025-09-10,false
119,William,Smith,william.smith73@proton.me,+1-996-962-1803,France,65,2024-10-14,false
120,Liam,Davis,liam.davis78@outlook.com,+1-424-851-4115,France,34,2025-10-20,true
121,Priya,Brown,priya.brown81@proton.me,+1-240-516-8222,US,55,2024-01-18,true
122,John,Martinez,john.martinez42@proton.me,+1-625-379-4289,UK,68,2025-01-09,false
123,Thomas,Taylor,thomas.taylor35@yahoo.com,+1-463-693-5835,Australia,73,2023-11-25,true
124,Joseph,Williams,joseph.williams19@yahoo.com,+1-892-941-7511,France,41,2022-07-04,false
125,James,Rodriguez,james.rodriguez69@gmail.com,+1-665-577-5295,France,42,2025-07-31,false
126,Patricia,Nguyen,patricia.nguyen30@hotmail.com,+1-225-834-6374,France,32,2025-08-19,true
127,Priya,Anderson,priya.anderson90@outlook.com,+1-864-618-2911,UK,20,2022-03-18,false
128,Jessica,Brown,jessica.brown13@yahoo.com,+1-750-338-7367,Germany,41,2025-10-05,false
129,Chen,Singh,chen.singh94@yahoo.com,+1-624-870-2622,Germany,57,2024-04-15,false
130,Mary,Kim,mary.kim48@yahoo.com,+1-654-655-4868,Canada,24,2025-11-05,false
131,Sarah,Patel,sarah.patel46@gmail.com,+1-607-482-4109,US,78,2024-07-20,true
132,Aisha,Miller,aisha.miller83@proton.me,+1-811-221-1828,Canada,33,2022-09-15,true
133,John,Moore,john.moore27@icloud.com,+1-421-438-6383,UK,68,2025-05-05,true
134,William,Jones,william.jones17@icloud.com,+1-456-378-2801,Australia,73,2022-02-22,true
135,James,Lopez,james.lopez31@icloud.com,+1-531-216-3854,Canada,21,2022-09-17,false
136,Thomas,Brown,thomas.brown96@gmail.com,+1-687-659-6931,France,55,2022-08-12,false
137,Thomas,Davis,thomas.davis79@gmail.com,+1-944-874-9543,Canada,47,2025-08-10,true
138,Mary,Thomas,mary.thomas52@hotmail.com,+1-902-310-9032,Australia,76,2024-06-27,true
139,Lucas,Williams,lucas.williams42@icloud.com,+1-351-267-3067,Canada,57,2025-07-20,false
140,Richard,Lee,richard.lee68@outlook.com,+1-664-717-8048,US,68,2025-12-08,true
141,Emma,Patel,emma.patel84@icloud.com,+1-938-420-8046,Germany,74,2023-04-13,false
142,David,Anderson,david.anderson52@hotmail.com,+1-947-297-6120,Germany,38,2025-09-24,false
143,Barbara,Jones,barbara.jones88@hotmail.com,+1-268-293-2398,US,45,2022-07-17,false
144,Olivia,Jones,olivia.jones72@gmail.com,+1-800-775-6400,Australia,25,2024-04-21,false
145,Emma,Nguyen,emma.nguyen97@hotmail.com,+1-938-252-5712,France,37,2023-12-22,true
146,Chen,Taylor,chen.taylor28@yahoo.com,+1-872-693-4674,US,40,2025-02-13,false
147,Patricia,Rodriguez,patricia.rodriguez74@yahoo.com,+1-639-774-1430,France,77,2025-09-09,false
148,James,Garcia,james.garcia35@proton.me,+1-980-516-6567,Canada,18,2023-01-07,true
149,Chen,Nguyen,chen.nguyen52@gmail.com,+1-345-958-1502,US,65,2024-12-22,true
150,Richard,Wilson,richard.wilson59@outlook.com,+1-361-578-6105,Australia,38,2025-03-08,true
151,Lucas,Johnson,lucas.johnson20@yahoo.com,+1-972-832-1815,Australia,23,2023-07-12,false
152,Aisha,Wilson,aisha.wilson63@icloud.com,+1-652-624-5475,UK,66,2024-11-15,true
153,Barbara,Wilson,barbara.wilson15@outlook.com,+1-894-894-8972,France,60,2023-09-24,true
154,Linda,Gonzalez,linda.gonzalez77@gmail.com,+1-207-409-5938,UK,67,2022-10-09,false
155,Elizabeth,Hernandez,elizabeth.hernandez16@gmail.com,+1-709-964-8055,UK,26,2024-02-18,true
156,Thomas,Moore,thomas.moore86@outlook.com,+1-273-606-1693,Germany,19,2024-07-30,true
157,Emma,Hernandez,emma.hernandez74@hotmail.com,+1-787-614-7843,Canada,25,2024-04-09,true
158,David,Garcia,david.garcia80@hotmail.com,+1-906-570-2443,Germany,72,2022-08-05,true
159,Susan,Jackson,susan.jackson52@icloud.com,+1-280-605-6083,Australia,39,2023-03-30,false
160,Liam,Garcia,liam.garcia10@icloud.com,+1-848-316-9693,France,30,2023-12-17,false
161,Sofia,Patel,sofia.patel19@yahoo.com,+1-305-349-5193,UK,29,2025-05-18,true
162,Liam,Patel,liam.patel10@yahoo.com,+1-991-843-9095,Germany,66,2025-02-28,false
163,Aisha,Jackson,aisha.jackson83@proton.me,+1-839-530-6179,UK,46,2022-05-20,false
164,Joseph,Patel,joseph.patel39@outlook.com,+1-805-257-6766,France,22,2023-09-28,false
165,Joseph,Johnson,joseph.johnson8@outlook.com,+1-493-278-2479,France,56,2024-11-04,false
166,Joseph,Jackson,joseph.jackson71@proton.me,+1-242-660-4084,Canada,56,2024-09-01,true
167,Mary,Anderson,mary.anderson14@outlook.com,+1-931-286-9266,Australia,29,2022-03-22,true
168,Mateo,Anderson,mateo.anderson57@icloud.com,+1-735-824-3600,Canada,41,2023-08-03,false
169,Susan,Hernandez,susan.hernandez87@icloud.com,+1-253-846-6482,US,39,2022-07-13,false
170,Elizabeth,Rodriguez,elizabeth.rodriguez93@proton.me,+1-817-353-6461,US,55,2025-09-21,true
171,Mia,Lopez,mia.lopez40@proton.me,+1-915-878-7421,UK,56,2025-12-22,true
172,Elizabeth,Moore,elizabeth.moore49@proton.me,+1-536-330-9624,US,59,2025-10-05,false
173,Thomas,Lopez,thomas.lopez3@outlook.com,+1-516-384-4509,Canada,78,2024-09-22,true
174,Linda,Jones,linda.jones20@gmail.com,+1-502-303-9317,France,71,2024-12-14,true
175,Aisha,Hernandez,aisha.hernandez99@icloud.com,+1-334-811-7172,UK,28,2023-01-06,true
176,Sofia,Anderson,sofia.anderson6@hotmail.com,+1-573-892-4891,Germany,57,2023-08-07,false
177,Linda,Moore,linda.moore31@outlook.com,+1-680-398-7026,Australia,78,2025-03-14,false
178,Joseph,Martinez,joseph.martinez49@icloud.com,+1-740-628-3655,UK,69,2025-05-23,true
179,Emma,Rodriguez,emma.rodriguez7@proton.me,+1-692-580-2680,Australia,72,2024-11-22,true
180,Elizabeth,Williams,elizabeth.williams98@yahoo.com,+1-479-660-9410,UK,71,2024-06-14,true
181,Mia,Davis,mia.davis58@outlook.com,+1-227-624-1872,Germany,50,2024-02-05,true
182,Richard,Williams,richard.williams48@yahoo.com,+1-228-526-2623,Australia,59,2023-11-18,true
183,Robert,Johnson,robert.johnson37@hotmail.com,+1-912-342-8685,Germany,57,2022-01-11,true
184,James,Rodriguez,james.rodriguez28@yahoo.com,+1-761-944-9647,Germany,25,2023-08-14,true
185,Elizabeth,Brown,elizabeth.brown7@yahoo.com,+1-629-854-8489,US,25,2024-10-20,true
186,Priya,Taylor,priya.taylor74@yahoo.com,+1-935-347-5772,Germany,18,2025-06-13,false
187,Linda,Jackson,linda.jackson54@yahoo.com,+1-880-884-2402,France,41,2022-05-19,true
188,Richard,Thomas,richard.thomas6@proton.me,+1-596-582-5155,Australia,19,2024-01-02,true
189,Barbara,Davis,barbara.davis94@proton.me,+1-843-306-6447,UK,20,2023-12-23,false
190,Noah,Patel,noah.patel23@proton.me,+1-675-912-8840,Australia,29,2022-10-04,true
191,Mateo,Anderson,mateo.anderson5@outlook.com,+1-406-244-4268,US,38,2023-09-28,false
192,Noah,Moore,noah.moore61@outlook.com,+1-237-971-4131,Canada,40,2022-04-08,false
193,William,Brown,william.brown48@hotmail.com,+1-609-961-8204,Germany,39,2023-01-18,false
194,Mateo,Thomas,mateo.thomas48@icloud.com,+1-473-284-7955,US,45,2025-05-18,true
195,Sarah,Martinez,sarah.martinez42@gmail.com,+1-281-535-5843,Canada,46,2025-05-19,false
196,Jennifer,Kim,jennifer.kim57@outlook.com,+1-657-243-6776,France,45,2023-07-17,true
197,John,Nguyen,john.nguyen82@hotmail.com,+1-572-725-3621,US,27,2025-05-29,false
198,Mary,Jones,mary.jones9@yahoo.com,+1-997-860-7001,Canada,42,2025-03-07,true
199,Wei,Jones,wei.jones87@hotmail.com,+1-579-580-8273,US,54,2022-10-09,false
200,Richard,Hernandez,richard.hernandez84@outlook.com,+1-455-316-1424,Australia,29,2024-10-19,false
201,Mia,Moore,mia.moore16@outlook.com,+1-993-466-8311,UK,57,2023-08-08,false
202,Michael,Brown,michael.brown18@gmail.com,+1-662-376-8292,US,69,2025-10-28,false
203,Aisha,Lopez,aisha.lopez91@gmail.com,+1-763-755-5757,Canada,72,2022-11-19,true
204,Olivia,Lopez,olivia.lopez66@yahoo.com,+1-324-405-3275,UK,68,2024-10-08,true
205,Barbara,Moore,barbara.moore74@outlook.com,+1-678-764-3126,France,74,2022-06-26,true
206,Elizabeth,Gonzalez,elizabeth.gonzalez92@proton.me,+1-690-738-7730,Germany,70,2025-03-23,true
207,Robert,Hernandez,robert.hernandez83@gmail.com,+1-660-677-9476,Canada,26,2025-02-03,true
208,Liam,Jones,liam.jones56@icloud.com,+1-256-327-9488,UK,37,2022-12-04,true
209,David,Kim,david.kim29@outlook.com,+1-731-490-2292,Canada,30,2025-07-24,false
210,Robert,Patel,robert.patel39@icloud.com,+1-746-295-9234,Australia,28,2025-04-27,true
211,Jennifer,Nguyen,jennifer.nguyen80@proton.me,+1-819-545-1674,US,23,2022-04-04,false
212,Priya,Miller,priya.miller99@icloud.com,+1-626-832-1496,Germany,74,2025-07-08,false
213,Priya,Martinez,priya.martinez62@yahoo.com,+1-901-615-5873,Germany,22,2025-11-11,true
214,Jennifer,Anderson,jennifer.anderson54@hotmail.com,+1-675-408-6573,France,27,2023-10-03,false
215,Sofia,Lopez,sofia.lopez52@yahoo.com,+1-978-579-9437,France,24,2023-10-16,true
216,Joseph,Brown,joseph.brown35@hotmail.com,+1-453-344-2586,US,36,2024-02-26,false
217,Linda,Garcia,linda.garcia42@icloud.com,+1-938-520-4110,UK,49,2024-11-20,false
218,Jessica,Martinez,jessica.martinez64@gmail.com,+1-292-602-9281,Germany,33,2023-03-17,false
219,Mary,Johnson,mary.johnson37@hotmail.com,+1-811-869-8710,Canada,52,2022-01-17,true
220,Susan,Jones,susan.jones34@proton.me,+1-574-982-7606,Canada,20,2024-03-31,true
221,Chen,Moore,chen.moore25@outlook.com,+1-766-495-2204,Germany,50,2024-07-11,false
222,Noah,Lee,noah.lee88@icloud.com,+1-321-331-2584,Germany,41,2023-11-26,false
223,Liam,Jones,liam.jones26@icloud.com,+1-721-611-9193,US,20,2022-03-21,true
224,Mateo,Hernandez,mateo.hernandez61@icloud.com,+1-667-352-9446,UK,38,2025-06-09,false
225,Jennifer,Gonzalez,jennifer.gonzalez79@proton.me,+1-506-807-6511,France,71,2024-11-09,false
226,Mateo,Jackson,mateo.jackson39@hotmail.com,+1-217-577-6427,Australia,25,2024-05-03,false
227,Olivia,Singh,olivia.singh89@proton.me,+1-227-811-8775,Canada,59,2025-03-30,true
228,Sofia,Johnson,sofia.johnson75@hotmail.com,+1-374-736-7229,UK,70,2025-10-26,true
229,Mary,Jackson,mary.jackson90@gmail.com,+1-395-219-8225,Canada,44,2022-11-07,false
230,Mateo,Miller,mateo.miller53@icloud.com,+1-993-826-8726,Australia,64,2022-05-08,true
231,Thomas,Miller,thomas.miller72@outlook.com,+1-878-689-9609,Germany,38,2022-12-21,false
232,Mia,Moore,mia.moore44@icloud.com,+1-562-892-5331,France,48,2023-01-29,true
233,William,Moore,william.moore39@yahoo.com,+1-504-989-5735,Australia,31,2025-11-14,false
234,David,Thomas,david.thomas45@icloud.com,+1-938-480-5715,US,54,2025-10-17,false
235,Lucas,Gonzalez,lucas.gonzalez45@yahoo.com,+1-497-243-5712,Australia,23,2023-12-11,false
236,Priya,Rodriguez,priya.rodriguez96@hotmail.com,+1-419-406-9824,Canada,77,2025-02-25,false
237,Robert,Brown,robert.brown79@proton.me,+1-800-445-4972,US,60,2024-12-23,true
238,Priya,Davis,priya.davis7@gmail.com,+1-623-538-8739,US,61,2022-10-09,true
239,Sarah,Garcia,sarah.garcia53@proton.me,+1-687-688-4267,Canada,38,2023-08-08,true
240,Mia,Williams,mia.williams84@icloud.com,+1-437-747-1611,UK,44,2022-12-27,true
241,Noah,Gonzalez,noah.gonzalez64@yahoo.com,+1-966-496-1613,US,37,2025-03-09,true
242,Mia,Hernandez,mia.hernandez37@hotmail.com,+1-856-756-9590,Germany,74,2022-10-02,false
243,William,Miller,william.miller15@outlook.com,+1-366-948-8518,Australia,34,2023-01-17,true
244,Sofia,Hernandez,sofia.hernandez38@icloud.com,+1-890-975-4164,UK,57,2025-08-01,false
245,Noah,Wilson,noah.wilson66@outlook.com,+1-288-610-2562,UK,26,2024-09-04,false
246,Mia,Davis,mia.davis1@outlook.com,+1-592-441-8319,Canada,39,2023-09-11,true
247,William,Patel,william.patel47@proton.me,+1-441-263-2936,Germany,37,2022-11-24,false
248,Aisha,Taylor,aisha.taylor91@outlook.com,+1-906-320-5833,Canada,57,2023-03-29,true
249,Robert,Thomas,robert.thomas20@hotmail.com,+1-965-820-7121,Germany,62,2025-01-29,false
250,Liam,Moore,liam.moore86@yahoo.com,+1-980-453-2341,France,46,2024-12-17,false
251,John,Jackson,john.jackson15@gmail.com,+1-760-717-4312,France,52,2022-11-03,true
252,David,Taylor,david.taylor57@gmail.com,+1-896-410-9008,US,75,2024-11-11,false
253,Olivia,Johnson,olivia.johnson59@yahoo.com,+1-725-625-8484,France,21,2025-02-18,false
254,Aisha,Martinez,aisha.martinez93@gmail.com,+1-605-460-1049,Australia,31,2025-03-30,true
255,Mary,Wilson,mary.wilson45@proton.me,+1-265-754-1987,US,77,2024-08-24,true
256,Elizabeth,Wilson,elizabeth.wilson24@yahoo.com,+1-984-856-7887,Canada,75,2024-02-23,false
257,Emma,Gonzalez,emma.gonzalez49@gmail.com,+1-899-877-9835,UK,59,2023-12-14,true
258,Jennifer,Moore,jennifer.moore51@icloud.com,+1-330-945-4648,US,66,2022-02-16,false
259,Joseph,Nguyen,joseph.nguyen93@icloud.com,+1-634-744-7214,UK,33,2024-08-01,false
260,Robert,Rodriguez,robert.rodriguez25@proton.me,+1-983-315-1527,Australia,44,2025-06-13,true
261,Linda,Miller,linda.miller9@gmail.com,+1-808-234-8314,France,61,2025-12-11,true
262,Linda,Singh,linda.singh6@hotmail.com,+1-649-439-9843,UK,66,2022-04-26,true
263,Thomas,Martinez,thomas.martinez30@proton.me,+1-789-526-6253,UK,37,2022-10-21,true
264,Susan,Martinez,susan.martinez36@gmail.com,+1-770-805-3869,Australia,61,2024-05-24,false
265,Mary,Lopez,mary.lopez83@proton.me,+1-590-737-6222,Australia,44,2024-04-16,true
266,Elizabeth,Gonzalez,elizabeth.gonzalez24@icloud.com,+1-684-446-4692,Canada,72,2025-12-20,true
267,Olivia,Anderson,olivia.anderson8@icloud.com,+1-622-626-9683,UK,42,2023-05-13,false
268,Michael,Hernandez,michael.hernandez83@gmail.com,+1-660-579-2514,France,64,2023-01-26,true
269,William,Gonzalez,william.gonzalez87@icloud.com,+1-817-240-2192,UK,69,2025-04-18,true
270,Jessica,Miller,jessica.miller43@outlook.com,+1-215-416-4113,Australia,25,2024-09-07,true
271,Mateo,Lee,mateo.lee91@yahoo.com,+1-606-445-6269,Canada,42,2024-08-12,false
272,Elizabeth,Rodriguez,elizabeth.rodriguez47@icloud.com,+1-709-677-2615,Australia,48,2023-10-18,true
273,Barbara,Hernandez,barbara.hernandez53@gmail.com,+1-776-426-3390,US,34,2025-02-07,false
274,Elizabeth,Jones,elizabeth.jones26@outlook.com,+1-435-588-5026,Germany,53,2025-09-02,false
275,William,Thomas,william.thomas93@proton.me,+1-957-702-8550,UK,64,2023-12-23,true
276,Robert,Singh,robert.singh70@hotmail.com,+1-388-755-1962,France,20,2022-06-02,true
277,Liam,Smith,liam.smith53@yahoo.com,+1-845-436-2113,Australia,27,2022-01-19,true
278,Thomas,Anderson,thomas.anderson48@gmail.com,+1-832-853-8916,Australia,49,2022-02-02,true
279,Sarah,Moore,sarah.moore53@gmail.com,+1-217-742-5501,France,36,2022-02-05,false
280,Olivia,Garcia,olivia.garcia14@gmail.com,+1-736-352-4948,UK,57,2024-12-14,false
281,Noah,Lopez,noah.lopez35@hotmail.com,+1-280-582-7652,Germany,54,2023-05-14,true
282,Elizabeth,Nguyen,elizabeth.nguyen11@proton.me,+1-865-977-1519,US,43,2024-02-16,false
283,Sarah,Thomas,sarah.thomas8@proton.me,+1-209-919-3807,US,49,2024-06-07,false
284,Chen,Brown,chen.brown68@gmail.com,+1-435-416-8790,Canada,20,2022-06-02,false
285,Lucas,Moore,lucas.moore73@proton.me,+1-233-383-6152,US,31,2025-04-17,true
286,Liam,Kim,liam.kim51@gmail.com,+1-506-366-4939,France,71,2024-03-07,false
287,Richard,Singh,richard.singh18@proton.me,+1-941-280-9204,Australia,40,2022-04-20,true
288,Susan,Davis,susan.davis10@outlook.com,+1-819-987-7499,Canada,19,2025-07-22,false
289,Olivia,Anderson,olivia.anderson63@yahoo.com,+1-564-766-7150,Germany,29,2025-10-24,false
290,John,Lee,john.lee38@yahoo.com,+1-930-275-2344,Canada,27,2024-02-18,true
291,Sofia,Gonzalez,sofia.gonzalez41@outlook.com,+1-309-293-1085,Canada,46,2024-01-08,false
292,Patricia,Jones,patricia.jones12@yahoo.com,+1-641-659-9395,Germany,24,2022-02-23,true
293,Barbara,Moore,barbara.moore12@icloud.com,+1-812-532-7311,US,36,2024-04-27,false
294,Liam,Williams,liam.williams93@icloud.com,+1-448-785-9537,UK,61,2024-02-19,true
295,Robert,Rodriguez,robert.rodriguez39@outlook.com,+1-704-349-2036,UK,45,2023-07-20,false
296,Elizabeth,Thomas,elizabeth.thomas10@outlook.com,+1-457-452-9123,France,57,2023-02-05,false
297,Patricia,Jones,patricia.jones39@gmail.com,+1-605-540-7224,Canada,46,2023-11-17,false
298,Noah,Patel,noah.patel77@yahoo.com,+1-507-528-4290,Germany,38,2022-12-30,false
299,David,Martinez,david.martinez95@proton.me,+1-848-702-4971,Canada,42,2023-07-29,false
300,Barbara,Brown,barbara.brown73@yahoo.com,+1-806-758-3947,Australia,67,2025-01-31,true
301,Sofia,Anderson,sofia.anderson91@yahoo.com,+1-648-498-2133,Germany,61,2024-10-19,true
302,Priya,Martinez,priya.martinez31@outlook.com,+1-874-357-7932,Germany,22,2024-07-08,false
303,Chen,Gonzalez,chen.gonzalez69@icloud.com,+1-908-628-9907,US,68,2024-01-07,true
304,Patricia,Davis,patricia.davis85@proton.me,+1-563-370-1725,France,59,2025-10-19,false
305,Liam,Hernandez,liam.hernandez56@gmail.com,+1-210-300-5239,UK,50,2024-11-28,true
306,Joseph,Lopez,joseph.lopez51@hotmail.com,+1-990-895-9199,UK,40,2022-02-20,false
307,Patricia,Martinez,patricia.martinez54@gmail.com,+1-318-947-3321,Canada,37,2023-12-04,false
308,Olivia,Miller,olivia.miller67@hotmail.com,+1-556-687-2599,Germany,64,2025-11-27,false
309,David,Williams,david.williams39@gmail.com,+1-927-317-1370,Canada,59,2022-08-12,true
310,Mia,Singh,mia.singh32@icloud.com,+1-378-765-3623,Canada,53,2024-05-23,false
311,Linda,Gonzalez,linda.gonzalez81@yahoo.com,+1-390-855-8080,Germany,19,2025-06-11,true
312,Joseph,Jackson,joseph.jackson55@hotmail.com,+1-204-921-4519,UK,35,2025-12-12,true
313,Chen,Brown,chen.brown69@yahoo.com,+1-574-533-4228,Germany,25,2023-06-22,false
314,Thomas,Patel,thomas.patel41@icloud.com,+1-597-825-7431,France,25,2023-12-14,false
315,Emma,Anderson,emma.anderson80@yahoo.com,+1-889-922-5873,France,55,2022-06-23,true
316,David,Brown,david.brown31@outlook.com,+1-319-387-7116,Australia,27,2024-11-12,false
317,Susan,Lee,susan.lee18@icloud.com,+1-592-633-4043,Germany,58,2025-01-05,true
318,Sarah,Garcia,sarah.garcia63@outlook.com,+1-343-391-6154,Germany,57,2022-04-20,false
319,James,Thomas,james.thomas18@yahoo.com,+1-593-775-9281,Australia,49,2024-04-17,false
320,Susan,Kim,susan.kim57@hotmail.com,+1-371-284-1505,UK,36,2022-03-08,false
321,Linda,Moore,linda.moore37@yahoo.com,+1-999-668-9115,France,50,2022-08-20,true
322,William,Moore,william.moore47@icloud.com,+1-974-242-8231,France,31,2024-05-20,true
323,Sofia,Patel,sofia.patel97@yahoo.com,+1-504-233-8368,Canada,40,2022-06-28,false
324,Emma,Brown,emma.brown31@yahoo.com,+1-955-802-6744,Australia,57,2025-07-19,false
325,Jennifer,Lee,jennifer.lee18@yahoo.com,+1-411-260-6747,France,35,2025-05-07,true
326,David,Kim,david.kim38@outlook.com,+1-786-473-9428,Australia,70,2022-07-15,true
327,Liam,Wilson,liam.wilson8@outlook.com,+1-871-329-3174,UK,27,2025-12-27,false
328,Noah,Davis,noah.davis98@proton.me,+1-602-701-3329,France,58,2023-07-05,false
329,Richard,Anderson,richard.anderson10@proton.me,+1-987-295-7600,France,65,2023-07-24,false
330,Joseph,Thomas,joseph.thomas42@icloud.com,+1-202-992-2526,Australia,47,2025-07-24,false
331,Emma,Williams,emma.williams69@hotmail.com,+1-423-639-4470,Germany,35,2023-10-24,false
332,David,Moore,david.moore74@yahoo.com,+1-779-696-6631,Australia,66,2022-04-10,true
333,Patricia,Patel,patricia.patel59@gmail.com,+1-327-361-8230,Germany,18,2024-05-26,true
334,Mateo,Jones,mateo.jones84@outlook.com,+1-362-480-2529,Australia,41,2023-05-28,true
335,Barbara,Nguyen,barbara.nguyen84@yahoo.com,+1-253-605-6005,Australia,62,2023-04-25,false
336,Priya,Williams,priya.williams91@gmail.com,+1-201-418-8812,US,26,2025-04-30,true
337,Thomas,Nguyen,thomas.nguyen57@gmail.com,+1-208-912-6629,US,73,2024-05-14,true
338,Jessica,Williams,jessica.williams30@hotmail.com,+1-291-948-2678,US,38,2024-01-23,false
339,Robert,Gonzalez,robert.gonzalez97@yahoo.com,+1-856-893-3340,US,51,2025-02-27,true
340,Wei,Patel,wei.patel22@hotmail.com,+1-559-939-4490,Australia,65,2022-11-07,false
341,Wei,Nguyen,wei.nguyen57@yahoo.com,+1-288-302-3293,US,55,2024-02-26,false
342,Susan,Hernandez,susan.hernandez18@yahoo.com,+1-483-860-2380,UK,53,2025-05-15,false
343,Liam,Kim,liam.kim4@proton.me,+1-508-410-9482,France,50,2023-01-22,false
344,Elizabeth,Patel,elizabeth.patel7@yahoo.com,+1-706-595-2847,UK,49,2025-07-30,true
345,Thomas,Smith,thomas.smith47@outlook.com,+1-335-596-7895,Canada,52,2025-10-30,true
346,Liam,Thomas,liam.thomas99@gmail.com,+1-217-801-2106,US,34,2023-03-18,true
347,Mia,Johnson,mia.johnson51@icloud.com,+1-493-843-9209,Germany,45,2025-12-08,false
348,John,Patel,john.patel69@icloud.com,+1-830-356-5546,US,37,2022-06-11,true
349,Olivia,Jones,olivia.jones69@outlook.com,+1-600-800-2083,Canada,62,2024-06-14,true
350,Mary,Davis,mary.davis12@hotmail.com,+1-318-664-1901,Canada,60,2025-09-09,true
351,Patricia,Smith,patricia.smith91@yahoo.com,+1-918-211-3684,Germany,78,2023-12-12,false
352,Jennifer,Lopez,jennifer.lopez17@proton.me,+1-999-475-2934,US,39,2024-05-29,false
353,Thomas,Williams,thomas.williams34@proton.me,+1-790-842-2262,Germany,47,2024-11-12,false
354,Mary,Thomas,mary.thomas73@yahoo.com,+1-576-361-5179,US,75,2025-03-21,true
355,Linda,Singh,linda.singh66@gmail.com,+1-245-212-5006,US,48,2024-01-16,false
356,Mia,Jones,mia.jones23@gmail.com,+1-766-931-7870,UK,38,2023-05-24,false
357,Mia,Singh,mia.singh41@outlook.com,+1-279-785-7108,US,50,2025-10-10,true
358,Jennifer,Davis,jennifer.davis67@gmail.com,+1-610-270-8620,Canada,67,2023-09-29,false
359,John,Moore,john.moore59@gmail.com,+1-577-405-5777,France,68,2023-09-15,true
360,Joseph,Lopez,joseph.lopez76@hotmail.com,+1-991-994-4201,Australia,75,2025-01-24,true
361,Robert,Smith,robert.smith53@gmail.com,+1-438-754-6675,Australia,71,2025-11-21,true
362,David,Smith,david.smith98@proton.me,+1-585-955-6038,US,31,2024-12-21,true
363,Susan,Thomas,susan.thomas8@yahoo.com,+1-928-486-2524,US,76,2023-04-20,false
364,Mateo,Lopez,mateo.lopez59@proton.me,+1-286-794-2565,France,26,2025-07-29,false
365,John,Jackson,john.jackson73@gmail.com,+1-645-878-3141,UK,36,2023-06-19,false
366,Mia,Gonzalez,mia.gonzalez90@proton.me,+1-534-525-8417,Canada,32,2022-06-02,true
367,Robert,Jackson,robert.jackson14@yahoo.com,+1-308-368-8365,Germany,38,2024-04-12,true
368,Sarah,Lopez,sarah.lopez99@yahoo.com,+1-662-515-8591,Canada,72,2022-09-03,true
369,Jennifer,Nguyen,jennifer.nguyen39@proton.me,+1-913-817-1660,UK,71,2023-11-03,true
370,John,Kim,john.kim32@outlook.com,+1-605-725-1802,Australia,37,2023-06-17,true
371,James,Gonzalez,james.gonzalez58@icloud.com,+1-966-763-5093,US,47,2022-07-28,true
372,Patricia,Smith,patricia.smith8@yahoo.com,+1-333-402-7563,Canada,61,2025-07-14,true
373,Chen,Jackson,chen.jackson34@gmail.com,+1-222-266-4239,Australia,46,2022-09-21,true
374,Lucas,Hernandez,lucas.hernandez16@gmail.com,+1-672-251-3752,France,45,2024-03-19,false
375,James,Gonzalez,james.gonzalez88@hotmail.com,+1-376-562-4517,UK,35,2023-07-28,false
376,Lucas,Jones,lucas.jones5@icloud.com,+1-834-831-5026,Australia,36,2024-10-18,false
377,Lucas,Moore,lucas.moore62@gmail.com,+1-289-486-7275,UK,44,2023-02-13,true
378,Priya,Moore,priya.moore3@hotmail.com,+1-930-567-8859,France,68,2024-09-19,false
379,Mia,Jackson,mia.jackson65@outlook.com,+1-597-476-3946,US,38,2025-05-07,true
380,James,Rodriguez,james.rodriguez8@hotmail.com,+1-742-566-4813,UK,24,2023-05-23,true
381,William,Moore,william.moore95@gmail.com,+1-982-424-7363,Canada,77,2022-12-22,true
382,Linda,Jackson,linda.jackson41@proton.me,+1-914-567-1462,Australia,62,2023-12-22,true
383,Chen,Miller,chen.miller64@icloud.com,+1-516-379-9035,US,23,2022-04-26,true
384,Wei,Davis,wei.davis3@icloud.com,+1-689-200-6435,France,30,2022-09-25,false
385,Mateo,Garcia,mateo.garcia42@gmail.com,+1-222-351-3320,US,72,2024-12-13,false
386,John,Lopez,john.lopez91@proton.me,+1-605-800-2655,Canada,37,2023-10-23,true
387,Jennifer,Singh,jennifer.singh56@proton.me,+1-698-864-6198,UK,63,2025-02-24,false
388,Linda,Nguyen,linda.nguyen76@yahoo.com,+1-587-514-5825,UK,29,2022-01-04,false
389,Emma,Jackson,emma.jackson5@yahoo.com,+1-816-525-4619,Australia,54,2022-08-02,false
390,Robert,Hernandez,robert.hernandez96@gmail.com,+1-443-555-6234,UK,58,2022-07-01,false
391,Joseph,Smith,joseph.smith34@yahoo.com,+1-455-909-2110,Canada,34,2022-08-10,true
392,Mary,Gonzalez,mary.gonzalez57@proton.me,+1-629-370-7783,Germany,74,2024-02-15,false
393,Sarah,Gonzalez,sarah.gonzalez13@hotmail.com,+1-791-866-4695,UK,46,2022-05-31,true
394,Elizabeth,Smith,elizabeth.smith41@outlook.com,+1-307-275-6600,UK,74,2024-02-08,true
395,Sofia,Williams,sofia.williams71@gmail.com,+1-546-808-8909,Australia,19,2024-06-02,true
396,Wei,Wilson,wei.wilson21@gmail.com,+1-303-539-4367,UK,44,2025-11-28,false
397,Aisha,Martinez,aisha.martinez39@yahoo.com,+1-298-250-7437,France,53,2024-10-02,true
398,Mary,Lopez,mary.lopez1@hotmail.com,+1-289-501-8869,UK,24,2022-02-22,true
399,Jennifer,Patel,jennifer.patel38@gmail.com,+1-684-318-6052,Germany,48,2024-09-28,false
400,John,Patel,john.patel70@hotmail.com,+1-389-579-7249,Canada,29,2024-07-01,true
401,William,Anderson,william.anderson60@outlook.com,+1-431-475-2009,UK,66,2025-11-27,true
402,John,Nguyen,john.nguyen45@icloud.com,+1-623-974-4727,France,21,2024-03-03,false
403,Sarah,Nguyen,sarah.nguyen61@icloud.com,+1-441-687-5896,US,43,2022-03-13,true
404,Patricia,Anderson,patricia.anderson23@yahoo.com,+1-416-397-3067,US,45,2022-06-10,false
405,Michael,Patel,michael.patel19@icloud.com,+1-464-527-2097,US,42,2025-02-13,false
406,Sarah,Hernandez,sarah.hernandez36@icloud.com,+1-669-212-9561,Germany,25,2024-04-28,true
407,Robert,Jackson,robert.jackson76@icloud.com,+1-976-302-2730,France,67,2022-07-26,false
408,Emma,Moore,emma.moore45@hotmail.com,+1-470-592-8955,France,56,2024-08-26,true
409,Jennifer,Rodriguez,jennifer.rodriguez52@yahoo.com,+1-833-823-7581,US,43,2023-11-10,true
410,Mary,Singh,mary.singh61@outlook.com,+1-581-220-6535,Canada,37,2023-07-29,false
411,Emma,Kim,emma.kim88@gmail.com,+1-433-337-5923,Australia,46,2023-10-20,false
412,Sofia,Wilson,sofia.wilson78@proton.me,+1-291-392-8237,UK,76,2024-04-13,false
413,Liam,Taylor,liam.taylor48@gmail.com,+1-727-362-2075,Canada,63,2024-11-03,false
414,Robert,Taylor,robert.taylor73@gmail.com,+1-377-397-4288,US,33,2022-03-09,false
415,Mary,Lopez,mary.lopez91@yahoo.com,+1-480-577-8605,France,43,2025-07-25,true
416,Aisha,Smith,aisha.smith31@outlook.com,+1-700-808-8308,UK,73,2024-08-29,false
417,Barbara,Garcia,barbara.garcia34@proton.me,+1-905-292-5670,US,42,2022-04-12,true
418,Emma,Jackson,emma.jackson28@yahoo.com,+1-862-430-4387,Canada,59,2024-04-18,true
419,Emma,Nguyen,emma.nguyen2@hotmail.com,+1-335-862-3837,France,69,2022-01-18,true
420,William,Lee,william.lee40@proton.me,+1-926-858-5511,Germany,75,2024-02-11,false
421,Joseph,Rodriguez,joseph.rodriguez28@hotmail.com,+1-509-893-9530,France,43,2025-04-12,true
422,James,Taylor,james.taylor85@outlook.com,+1-774-862-5631,Canada,61,2022-08-10,false
423,John,Hernandez,john.hernandez36@proton.me,+1-532-483-5278,Australia,63,2025-08-27,false
424,Michael,Jones,michael.jones67@yahoo.com,+1-258-814-7620,Australia,38,2025-10-26,true
425,Sofia,Smith,sofia.smith84@hotmail.com,+1-502-465-7857,Germany,42,2022-03-14,true
426,David,Singh,david.singh92@yahoo.com,+1-902-747-8794,Australia,40,2024-11-04,false
427,Emma,Garcia,emma.garcia85@icloud.com,+1-385-500-2599,Germany,26,2023-06-14,true
428,Aisha,Hernandez,aisha.hernandez84@gmail.com,+1-427-563-4659,Australia,73,2023-09-21,false
429,Olivia,Hernandez,olivia.hernandez48@outlook.com,+1-799-501-8598,US,48,2022-04-20,true
430,Jessica,Miller,jessica.miller65@gmail.com,+1-897-590-9680,Canada,44,2022-04-21,true
431,Robert,Miller,robert.miller44@hotmail.com,+1-783-668-3346,Canada,73,2023-01-05,true
432,Jessica,Hernandez,jessica.hernandez81@yahoo.com,+1-520-849-1950,US,46,2023-07-15,true
433,Liam,Garcia,liam.garcia74@yahoo.com,+1-701-981-2442,UK,57,2024-06-07,false
434,Richard,Wilson,richard.wilson62@hotmail.com,+1-204-238-9745,UK,64,2024-02-04,true
435,Lucas,Hernandez,lucas.hernandez97@icloud.com,+1-395-218-1067,Australia,64,2023-05-25,true
436,Mateo,Lopez,mateo.lopez40@yahoo.com,+1-305-592-9246,France,37,2022-12-09,true
437,Noah,Johnson,noah.johnson39@outlook.com,+1-666-945-9524,France,51,2023-11-23,false
438,Lucas,Nguyen,lucas.nguyen18@outlook.com,+1-701-567-4087,UK,78,2024-04-06,true
439,Linda,Davis,linda.davis94@yahoo.com,+1-416-951-1359,France,50,2022-12-13,true
440,Barbara,Kim,barbara.kim84@gmail.com,+1-584-855-5190,France,57,2022-04-10,true
441,Aisha,Brown,aisha.brown84@gmail.com,+1-249-906-2897,Germany,46,2024-02-18,true
442,Sarah,Rodriguez,sarah.rodriguez61@proton.me,+1-356-410-1152,Canada,44,2025-09-17,true
443,Aisha,Taylor,aisha.taylor35@icloud.com,+1-820-917-3247,Germany,71,2022-08-03,true
444,Elizabeth,Brown,elizabeth.brown14@hotmail.com,+1-403-823-4272,Canada,71,2024-12-07,true
445,Barbara,Kim,barbara.kim53@outlook.com,+1-364-240-9980,Germany,76,2023-03-02,false
446,David,Davis,david.davis1@gmail.com,+1-887-291-2809,France,60,2024-10-08,true
447,John,Taylor,john.taylor10@proton.me,+1-940-303-5192,Australia,32,2024-07-24,false
448,William,Anderson,william.anderson7@gmail.com,+1-378-240-5760,Canada,69,2025-10-18,false
449,Susan,Singh,susan.singh15@gmail.com,+1-976-246-1158,UK,60,2025-08-18,true
450,David,Lopez,david.lopez57@icloud.com,+1-474-950-2522,Canada,70,2023-12-03,true
451,Patricia,Gonzalez,patricia.gonzalez52@hotmail.com,+1-478-594-8835,Germany,59,2022-12-08,true
452,Robert,Kim,robert.kim93@gmail.com,+1-363-306-7816,France,48,2025-03-11,false
453,Jennifer,Lee,jennifer.lee49@outlook.com,+1-826-229-3140,Germany,76,2024-09-26,true
454,Lucas,Wilson,lucas.wilson57@gmail.com,+1-264-467-6148,US,63,2025-10-20,true
455,Aisha,Hernandez,aisha.hernandez67@icloud.com,+1-904-917-2560,Germany,60,2023-05-25,false
456,Barbara,Nguyen,barbara.nguyen87@proton.me,+1-594-352-1894,US,59,2022-11-18,false
457,Emma,Thomas,emma.thomas22@gmail.com,+1-969-703-6253,UK,39,2023-07-24,true
458,Thomas,Davis,thomas.davis71@proton.me,+1-587-612-4850,US,47,2024-06-28,false
459,John,Thomas,john.thomas58@outlook.com,+1-321-709-1291,US,43,2024-04-24,true
460,Sarah,Moore,sarah.moore1@gmail.com,+1-818-833-5990,France,53,2023-02-28,false
461,David,Lopez,david.lopez7@yahoo.com,+1-665-539-8751,Australia,60,2024-01-15,false
462,Patricia,Brown,patricia.brown98@proton.me,+1-427-202-6592,Canada,71,2025-07-21,false
463,Sarah,Taylor,sarah.taylor48@proton.me,+1-308-246-3689,Germany,26,2024-04-18,true
464,William,Lee,william.lee26@yahoo.com,+1-323-602-4532,Germany,70,2023-01-26,false
465,Patricia,Wilson,patricia.wilson6@proton.me,+1-888-802-3018,Germany,47,2025-09-10,true
466,Jessica,Smith,jessica.smith68@proton.me,+1-249-766-8091,France,48,2024-11-07,true
467,Mateo,Jackson,mateo.jackson23@proton.me,+1-331-306-7347,Australia,56,2025-05-26,false
468,Thomas,Gonzalez,thomas.gonzalez54@icloud.com,+1-909-980-5067,Canada,43,2023-12-04,false
469,Joseph,Jones,joseph.jones18@hotmail.com,+1-816-916-9393,Canada,71,2025-12-07,false
470,Mateo,Singh,mateo.singh71@proton.me,+1-422-405-4435,France,63,2023-08-19,false
471,Mia,Nguyen,mia.nguyen17@proton.me,+1-865-382-9255,France,62,2025-07-28,false
472,Mateo,Brown,mateo.brown98@outlook.com,+1-775-691-7839,Australia,65,2024-12-29,false
473,Lucas,Wilson,lucas.wilson2@icloud.com,+1-309-225-7240,UK,21,2025-10-04,true
474,Michael,Rodriguez,michael.rodriguez97@yahoo.com,+1-493-899-5105,UK,71,2022-05-08,false
475,Michael,Moore,michael.moore5@outlook.com,+1-663-304-4675,Australia,59,2025-02-23,false
476,Linda,Taylor,linda.taylor90@outlook.com,+1-909-880-1769,Germany,42,2024-05-03,false
477,Sarah,Johnson,sarah.johnson2@proton.me,+1-457-407-8259,UK,76,2025-07-21,false
478,Liam,Jackson,liam.jackson70@proton.me,+1-817-401-4170,Canada,46,2022-12-30,true
479,Jennifer,Garcia,jennifer.garcia95@icloud.com,+1-322-586-1665,Germany,35,2025-02-13,false
480,Robert,Garcia,robert.garcia75@outlook.com,+1-205-538-8640,Australia,77,2022-11-14,true
481,Robert,Hernandez,robert.hernandez77@gmail.com,+1-992-840-5934,Germany,68,2025-03-18,false
482,John,Kim,john.kim41@icloud.com,+1-425-388-9529,US,68,2024-10-31,true
483,Susan,Moore,susan.moore69@hotmail.com,+1-294-557-4624,UK,60,2023-11-11,false
484,Barbara,Martinez,barbara.martinez28@icloud.com,+1-743-686-1144,US,60,2023-12-10,false
485,Linda,Patel,linda.patel79@icloud.com,+1-449-240-6258,Germany,76,2022-08-21,false
486,William,Moore,william.moore93@outlook.com,+1-225-729-7143,France,69,2024-11-07,false
487,Jessica,Johnson,jessica.johnson38@proton.me,+1-397-528-9419,US,78,2022-07-16,true
488,Liam,Moore,liam.moore69@gmail.com,+1-841-267-4453,Australia,58,2023-03-13,false
489,Noah,Brown,noah.brown27@icloud.com,+1-919-959-8130,Australia,70,2022-05-28,true
490,James,Anderson,james.anderson92@outlook.com,+1-238-289-2200,US,29,2023-05-31,true
491,Chen,Davis,chen.davis34@hotmail.com,+1-597-661-7626,Germany,38,2022-02-04,false
492,Aisha,Brown,aisha.brown69@gmail.com,+1-856-937-2036,Australia,55,2022-04-04,true
493,Barbara,Taylor,barbara.taylor14@outlook.com,+1-902-508-2417,Canada,66,2024-06-15,false
494,Richard,Nguyen,richard.nguyen4@hotmail.com,+1-360-746-4602,UK,65,2024-03-11,false
495,Priya,Jones,priya.jones39@proton.me,+1-946-863-7113,US,53,2025-02-10,true
496,Patricia,Johnson,patricia.johnson1@icloud.com,+1-810-603-9800,France,78,2022-06-24,false
497,Michael,Singh,michael.singh95@proton.me,+1-552-416-7760,Australia,72,2024-11-15,true
498,Jennifer,Garcia,jennifer.garcia29@icloud.com,+1-458-398-2877,UK,60,2025-03-07,true
499,Emma,Moore,emma.moore60@proton.me,+1-762-274-5762,Australia,22,2023-05-29,true
500,Michael,Singh,michael.singh75@hotmail.com,+1-538-565-3100,Australia,59,2023-04-26,true
